{
  "metrics": {
    "load_report.read_bytes": [
      3.600120544433594e-05,
      2.1219253540039062e-05,
      2.4557113647460938e-05,
      3.24249267578125e-05,
      2.5987625122070312e-05
    ],
    "load_report.json_parse": [
      2.86102294921875e-05,
      1.2159347534179688e-05,
      5.4836273193359375e-05,
      5.364418029785156e-05,
      4.220008850097656e-05
    ],
    "load_report.validate": [
      7.796287536621094e-05,
      2.6702880859375e-05,
      0.0001251697540283203,
      8.96453857421875e-05,
      7.295608520507812e-05
    ],
    "augment.iter_findings": [
      5.5789947509765625e-05,
      1.6927719116210938e-05,
      0.00011730194091796875,
      0.00011658668518066406,
      9.894371032714844e-05
    ],
    "augment.risk_recompute_initial": [
      1.9073486328125e-06,
      7.152557373046875e-07,
      1.430511474609375e-06,
      1.430511474609375e-06,
      1.430511474609375e-06
    ],
    "knowledge.enrichment": [
      4.124641418457031e-05,
      2.3126602172851562e-05,
      4.553794860839844e-05,
      3.0279159545898438e-05,
      3.0279159545898438e-05
    ],
    "correlate.apply_rules": [
      4.315376281738281e-05,
      1.239776611328125e-05,
      0.0001049041748046875,
      5.173683166503906e-05,
      5.1021575927734375e-05
    ],
    "correlate.rules_loaded": 10,
    "correlate.correlations": 0,
    "summarize.llm": [
      0.00010657310485839844,
      3.886222839355469e-05,
      0.0001461505889892578,
      0.0001709461212158203,
      0.00022482872009277344
    ],
    "reduce.reduce_all": [
      0.0004088878631591797,
      8.0108642578125e-05,
      0.00010228157043457031,
      0.0002079010009765625
    ],
    "actions.build": [
      7.152557373046875e-07,
      1.1920928955078125e-06,
      4.76837158203125e-07,
      1.430511474609375e-06
    ],
    "actions.count": 0,
    "graph.annotate": [
      1.2874603271484375e-05,
      1.049041748046875e-05,
      1.5974044799804688e-05,
      1.7642974853515625e-05
    ]
  },
  "timestamp": 1757910556.9068596,
  "total_stages": 14,
  "baseline_regressions": [],
  "baseline_threshold_pct": 30.0
}